nombre,correo,edad,pais,contrasena
1,Alice Williams,alice.williams@example.com,25,Australia,12345678
2,Bob Smith,bob.smith@example.com,30,Estados Unidos,12345678
3,Charlie Johnson,charlie.johnson@example.com,22,Reino Unido,12345678
4,Diana Brown,diana.brown@example.com,28,Canadá,12345678
5,Ethan Davis,ethan.davis@example.com,35,Nueva Zelanda,12345678
6,Francias Garcia,Francias.garcia@example.com,27,México,12345678
7,George Martinez,george.martinez@example.com,31,España,12345678
8,Hannah Wilson,hannah.wilson@example.com,24,Francia,12345678
9,Isaac Anderson,isaac.anderson@example.com,29,Alemania,12345678
10,Julia Thomas,julia.thomas@example.com,26,Italia,12345678
11,Kevin Lee,kevin.lee@example.com,32,Australia,12345678
12,Laura Taylor,laura.taylor@example.com,29,Estados Unidos,12345678
13,Michael White,michael.white@example.com,34,Reino Unido,12345678
14,Nina Harris,nina.harris@example.com,23,Canadá,12345678
15,Oscar Clark,oscar.clark@example.com,31,Nueva Zelanda,12345678
16,Paula Lewis,paula.lewis@example.com,28,México,12345678
17,Quentin Young,quentin.young@example.com,30,España,12345678
18,Rachel Hall,rachel.hall@example.com,25,Francia,12345678
19,Steve Allen,steve.allen@example.com,27,Alemania,12345678
20,Tina King,tina.king@example.com,22,Italia,12345678
21,Ursula Wright,ursula.wright@example.com,26,Australia,12345678
22,Victor Scott,victor.scott@example.com,29,Estados Unidos,12345678
23,Wendy Green,wendy.green@example.com,33,Reino Unido,12345678
24,Xander Adams,xander.adams@example.com,24,Canadá,12345678
25,Yvonne Baker,yvonne.baker@example.com,30,Nueva Zelanda,12345678
26,Zachary Nelson,zachary.nelson@example.com,28,México,12345678
27,Amy Carter,amy.carter@example.com,25,España,12345678
28,Brian Hall,brian.hall@example.com,31,Francia,12345678
29,Catherine Lee,catherine.lee@example.com,29,Alemania,12345678
30,Derek King,derek.king@example.com,34,Italia,12345678
31,Emily Wright,emily.wright@example.com,27,Australia,12345678
32,Franklin Young,franklin.young@example.com,30,Estados Unidos,12345678
33,Grace Martinez,grace.martinez@example.com,22,Reino Unido,12345678
34,Hugo Lopez,hugo.lopez@example.com,28,Canadá,12345678
35,Ivy Scott,ivy.scott@example.com,35,Nueva Zelanda,12345678
36,Jackie Brown,jackie.brown@example.com,26,México,12345678
37,Kate Johnson,kate.johnson@example.com,29,España,12345678
38,Liam Davis,liam.davis@example.com,24,Francia,12345678
39,Mia Thompson,mia.thompson@example.com,32,Alemania,12345678
40,Nate Wilson,nate.wilson@example.com,27,Italia,12345678
41,Olivia Harris,olivia.harris@example.com,30,Australia,12345678
42,Paul Green,paul.green@example.com,29,Estados Unidos,12345678
43,Quinn Adams,quinn.adams@example.com,22,Reino Unido,12345678
44,Rita Clark,rita.clark@example.com,28,Canadá,12345678
45,Sam Taylor,sam.taylor@example.com,35,Nueva Zelanda,12345678
46,Tara Lewis,tara.lewis@example.com,26,México,12345678
47,Uma Patel,uma.patel@example.com,30,España,12345678
48,Vera King,vera.king@example.com,24,Francia,12345678
49,Will Scott,will.scott@example.com,29,Alemania,12345678
50,Xena Wright,xena.wright@example.com,34,Italia,12345678
51,Yara Brown,yara.brown@example.com,25,Australia,12345678
52,Zane Johnson,zane.johnson@example.com,30,Estados Unidos,12345678
53,Alice Smith,alice.smith@example.com,22,Reino Unido,12345678
54,Bob Johnson,bob.johnson@example.com,28,Canadá,12345678
55,Charlie Brown,charlie.brown@example.com,35,Nueva Zelanda,12345678
56,Diana White,diana.white@example.com,27,México,12345678
57,Ethan Garcia,ethan.garcia@example.com,31,España,12345678
58,Francias Martinez,Francias.martinez@example.com,24,Francia,12345678
59,George Wilson,george.wilson@example.com,29,Alemania,12345678
60,Alice Williams,alice.williams44@example.com,25,Australia,12345678
61,Bob Smith,bob.smith12@example.com,30,Estados Unidos,12345678
62,Marlon Smith,Mar.smith12@example.com,25,Venezuela,12345678
63,Charlie Johnson,charlie.johnson99@example.com,22,Reino Unido,12345678
64,Diana Brown,diana.brown88@example.com,28,Canadá,12345678
65,Ethan Davis,ethan.davis77@example.com,35,Nueva Zelanda,12345678
66,Francias Garcia,Francias.garcia66@example.com,27,México,12345678
67,George Martinez,george.martinez55@example.com,31,España,12345678
68,Hannah Wilson,hannah.wilson44@example.com,24,Francia,12345678
69,Isaac Anderson,isaac.anderson33@example.com,29,Alemania,12345678
70,Julia Thomas,julia.thomas22@example.com,26,Italia,12345678
71,Sophia Brown,sophia.brown71@example.com,31,India,12345678
72,Thomas Brown,thomas.brown72@example.com,32,China,12345678
73,Ursula Brown,ursula.brown73@example.com,33,Japon,12345678
74,Vincent Brown,vincent.brown74@example.com,34,Corea del Sur,12345678
75,Wendy Brown,wendy.brown75@example.com,35,Rusia,12345678
76,Xavier Brown,xavier.brown76@example.com,36,Holanda,12345678
77,Yvonne Brown,yvonne.brown77@example.com,37,Suecia,12345678
78,Zach Brown,zach.brown78@example.com,38,Noruega,12345678
79,Alice Jones,alice.jones79@example.com,39,Dinamarca,12345678
80,Bob Jones,bob.jones80@example.com,40,Finlandia,12345678
81,Carol Jones,carol.jones81@example.com,41,Australia,12345678
82,David Jones,david.jones82@example.com,42,Estados Unidos,12345678
83,Emily Jones,emily.jones83@example.com,43,Canada,12345678
84,Frank Jones,frank.jones84@example.com,44,Reino Unido,12345678
85,Grace Jones,grace.jones85@example.com,45,Alemania,12345678
86,Henry Jones,henry.jones86@example.com,46,Francia,12345678
87,Irene Jones,irene.jones87@example.com,47,España,12345678
88,Jack Jones,jack.jones88@example.com,48,Italia,12345678
89,Karen Jones,karen.jones89@example.com,49,Brasil,12345678
90,Liam Jones,liam.jones90@example.com,20,Mexico,12345678
91,Mia Jones,mia.jones91@example.com,21,India,12345678
92,Noah Jones,noah.jones92@example.com,22,China,12345678
93,Olivia Jones,olivia.jones93@example.com,23,Japon,12345678
94,Paul Jones,paul.jones94@example.com,24,Corea del Sur,12345678
95,Quinn Jones,quinn.jones95@example.com,25,Rusia,12345678
96,Ryan Jones,ryan.jones96@example.com,26,Holanda,12345678
97,Sophia Jones,sophia.jones97@example.com,27,Suecia,12345678
98,Thomas Jones,thomas.jones98@example.com,28,Noruega,12345678
99,Ursula Jones,ursula.jones99@example.com,29,Dinamarca,12345678
100,Vincent Jones,vincent.jones100@example.com,30,Finlandia,12345678
33333,miguel,miguel@gmail.com,18,wewe,1234
